<?xml version="1.0" encoding="utf-8" standalone="yes"?>
<rss version="2.0" xmlns:atom="http://www.w3.org/2005/Atom">
  <channel>
    <title>index on peltorator</title>
    <link>https://peltorator.ru/tags/index/</link>
    <description>Recent content in index on peltorator</description>
    <generator>Hugo -- gohugo.io</generator>
    <language>ru</language><atom:link href="https://peltorator.ru/tags/index/index.xml" rel="self" type="application/rss+xml" />
    <item>
      <title>Posts</title>
      <link>https://peltorator.ru/posts/</link>
      <pubDate>Tue, 21 Sep 2021 11:52:23 +0300</pubDate>
      
      <guid>https://peltorator.ru/posts/</guid>
      
      <description></description>
      
    </item>
    
  </channel>
</rss>

