<?xml version="1.0" encoding="utf-8" standalone="yes"?>
<rss version="2.0" xmlns:atom="http://www.w3.org/2005/Atom">
  <channel>
    <title>Categories on peltorator</title>
    <link>https://peltorator.ru/try_web/categories/</link>
    <description>Recent content in Categories on peltorator</description>
    <generator>Hugo -- gohugo.io</generator>
    <language>ru</language><atom:link href="https://peltorator.ru/try_web/categories/index.xml" rel="self" type="application/rss+xml" />
  </channel>
</rss>

