<?xml version="1.0" encoding="utf-8" standalone="yes"?>
<rss version="2.0" xmlns:atom="http://www.w3.org/2005/Atom">
  <channel>
    <title>Tags on peltorator</title>
    <link>https://peltorator.ru/tags/</link>
    <description>Recent content in Tags on peltorator</description>
    <generator>Hugo -- gohugo.io</generator>
    <language>ru</language><atom:link href="https://peltorator.ru/tags/index.xml" rel="self" type="application/rss+xml" />
    <item>
      <title>index</title>
      <link>https://peltorator.ru/tags/index/</link>
      <pubDate>Mon, 01 Jan 0001 00:00:00 +0000</pubDate>
      
      <guid>https://peltorator.ru/tags/index/</guid>
      
      <description></description>
      
    </item>
    
  </channel>
</rss>

